<?xml version="1.0" encoding="UTF-8"?><?xml-stylesheet type='text/xsl' href='_UpgradeReport_Files/UpgradeReport.xslt'?><UpgradeLog>
<Properties><Property Name="Solution" Value="DotNetCasClient">
</Property><Property Name="解决方案文件" Value="D:\donet\dotnet-cas-client-master\DotNetCasClient.sln">
</Property><Property Name="Date" Value="2014年9月24日">
</Property><Property Name="Time" Value="10:00">
</Property></Properties><Event ErrorLevel="0" Project="" Source="DotNetCasClient.sln" Description="文件已成功备份为 D:\donet\dotnet-cas-client-master\Backup\DotNetCasClient.sln">
</Event><Event ErrorLevel="0" Project="DotNetCasClient" Source="DotNetCasClient\DotNetCasClient.csproj" Description="项目文件已成功备份为 D:\donet\dotnet-cas-client-master\Backup\DotNetCasClient\DotNetCasClient.csproj">
</Event><Event ErrorLevel="0" Project="DotNetCasClient" Source="DotNetCasClient\CasAuthentication.cs" Description="文件已成功备份为 D:\donet\dotnet-cas-client-master\Backup\DotNetCasClient\CasAuthentication.cs">
</Event><Event ErrorLevel="0" Project="DotNetCasClient" Source="DotNetCasClient\CasAuthenticationModule.cs" Description="文件已成功备份为 D:\donet\dotnet-cas-client-master\Backup\DotNetCasClient\CasAuthenticationModule.cs">
</Event><Event ErrorLevel="0" Project="DotNetCasClient" Source="DotNetCasClient\CasAuthenticationTicket.cs" Description="文件已成功备份为 D:\donet\dotnet-cas-client-master\Backup\DotNetCasClient\CasAuthenticationTicket.cs">
</Event><Event ErrorLevel="0" Project="DotNetCasClient" Source="DotNetCasClient\Configuration\CasClientConfiguration.cs" Description="文件已成功备份为 D:\donet\dotnet-cas-client-master\Backup\DotNetCasClient\Configuration\CasClientConfiguration.cs">
</Event><Event ErrorLevel="0" Project="DotNetCasClient" Source="DotNetCasClient\Configuration\CasConfigurationException.cs" Description="文件已成功备份为 D:\donet\dotnet-cas-client-master\Backup\DotNetCasClient\Configuration\CasConfigurationException.cs">
</Event><Event ErrorLevel="0" Project="DotNetCasClient" Source="DotNetCasClient\GatewayStatus.cs" Description="文件已成功备份为 D:\donet\dotnet-cas-client-master\Backup\DotNetCasClient\GatewayStatus.cs">
</Event><Event ErrorLevel="0" Project="DotNetCasClient" Source="DotNetCasClient\Logging\Category.cs" Description="文件已成功备份为 D:\donet\dotnet-cas-client-master\Backup\DotNetCasClient\Logging\Category.cs">
</Event><Event ErrorLevel="0" Project="DotNetCasClient" Source="DotNetCasClient\Properties\AssemblyInfo.cs" Description="文件已成功备份为 D:\donet\dotnet-cas-client-master\Backup\DotNetCasClient\Properties\AssemblyInfo.cs">
</Event><Event ErrorLevel="0" Project="DotNetCasClient" Source="DotNetCasClient\Security\Assertion.cs" Description="文件已成功备份为 D:\donet\dotnet-cas-client-master\Backup\DotNetCasClient\Security\Assertion.cs">
</Event><Event ErrorLevel="0" Project="DotNetCasClient" Source="DotNetCasClient\Security\AssertionRoleProvider.cs" Description="文件已成功备份为 D:\donet\dotnet-cas-client-master\Backup\DotNetCasClient\Security\AssertionRoleProvider.cs">
</Event><Event ErrorLevel="0" Project="DotNetCasClient" Source="DotNetCasClient\Security\CasPrincipal.cs" Description="文件已成功备份为 D:\donet\dotnet-cas-client-master\Backup\DotNetCasClient\Security\CasPrincipal.cs">
</Event><Event ErrorLevel="0" Project="DotNetCasClient" Source="DotNetCasClient\Security\IAssertion.cs" Description="文件已成功备份为 D:\donet\dotnet-cas-client-master\Backup\DotNetCasClient\Security\IAssertion.cs">
</Event><Event ErrorLevel="0" Project="DotNetCasClient" Source="DotNetCasClient\Security\ICasPrincipal.cs" Description="文件已成功备份为 D:\donet\dotnet-cas-client-master\Backup\DotNetCasClient\Security\ICasPrincipal.cs">
</Event><Event ErrorLevel="0" Project="DotNetCasClient" Source="DotNetCasClient\Security\ReadOnlyXmlRoleProvider.cs" Description="文件已成功备份为 D:\donet\dotnet-cas-client-master\Backup\DotNetCasClient\Security\ReadOnlyXmlRoleProvider.cs">
</Event><Event ErrorLevel="0" Project="DotNetCasClient" Source="DotNetCasClient\State\CacheProxyTicketManager.cs" Description="文件已成功备份为 D:\donet\dotnet-cas-client-master\Backup\DotNetCasClient\State\CacheProxyTicketManager.cs">
</Event><Event ErrorLevel="0" Project="DotNetCasClient" Source="DotNetCasClient\State\CacheServiceTicketManager.cs" Description="文件已成功备份为 D:\donet\dotnet-cas-client-master\Backup\DotNetCasClient\State\CacheServiceTicketManager.cs">
</Event><Event ErrorLevel="0" Project="DotNetCasClient" Source="DotNetCasClient\State\IProxyTicketManager.cs" Description="文件已成功备份为 D:\donet\dotnet-cas-client-master\Backup\DotNetCasClient\State\IProxyTicketManager.cs">
</Event><Event ErrorLevel="0" Project="DotNetCasClient" Source="DotNetCasClient\State\IServiceTicketManager.cs" Description="文件已成功备份为 D:\donet\dotnet-cas-client-master\Backup\DotNetCasClient\State\IServiceTicketManager.cs">
</Event><Event ErrorLevel="0" Project="DotNetCasClient" Source="DotNetCasClient\Utils\CommonUtils.cs" Description="文件已成功备份为 D:\donet\dotnet-cas-client-master\Backup\DotNetCasClient\Utils\CommonUtils.cs">
</Event><Event ErrorLevel="0" Project="DotNetCasClient" Source="DotNetCasClient\Utils\EnhancedUriBuilder.cs" Description="文件已成功备份为 D:\donet\dotnet-cas-client-master\Backup\DotNetCasClient\Utils\EnhancedUriBuilder.cs">
</Event><Event ErrorLevel="0" Project="DotNetCasClient" Source="DotNetCasClient\Utils\HttpUtil.cs" Description="文件已成功备份为 D:\donet\dotnet-cas-client-master\Backup\DotNetCasClient\Utils\HttpUtil.cs">
</Event><Event ErrorLevel="0" Project="DotNetCasClient" Source="DotNetCasClient\Utils\RequestEvaluator.cs" Description="文件已成功备份为 D:\donet\dotnet-cas-client-master\Backup\DotNetCasClient\Utils\RequestEvaluator.cs">
</Event><Event ErrorLevel="0" Project="DotNetCasClient" Source="DotNetCasClient\Logging\Logger.cs" Description="文件已成功备份为 D:\donet\dotnet-cas-client-master\Backup\DotNetCasClient\Logging\Logger.cs">
</Event><Event ErrorLevel="0" Project="DotNetCasClient" Source="DotNetCasClient\Utils\UrlUtil.cs" Description="文件已成功备份为 D:\donet\dotnet-cas-client-master\Backup\DotNetCasClient\Utils\UrlUtil.cs">
</Event><Event ErrorLevel="0" Project="DotNetCasClient" Source="DotNetCasClient\Validation\Schema\Cas20\ClearPass\ClearPassFailure.cs" Description="文件已成功备份为 D:\donet\dotnet-cas-client-master\Backup\DotNetCasClient\Validation\Schema\Cas20\ClearPass\ClearPassFailure.cs">
</Event><Event ErrorLevel="0" Project="DotNetCasClient" Source="DotNetCasClient\Validation\Schema\Cas20\ClearPass\ClearPassResponse.cs" Description="文件已成功备份为 D:\donet\dotnet-cas-client-master\Backup\DotNetCasClient\Validation\Schema\Cas20\ClearPass\ClearPassResponse.cs">
</Event><Event ErrorLevel="0" Project="DotNetCasClient" Source="DotNetCasClient\Validation\Schema\Cas20\ClearPass\ClearPassSuccess.cs" Description="文件已成功备份为 D:\donet\dotnet-cas-client-master\Backup\DotNetCasClient\Validation\Schema\Cas20\ClearPass\ClearPassSuccess.cs">
</Event><Event ErrorLevel="0" Project="DotNetCasClient" Source="DotNetCasClient\Validation\TicketValidator\AbstractCasProtocolTicketValidator.cs" Description="文件已成功备份为 D:\donet\dotnet-cas-client-master\Backup\DotNetCasClient\Validation\TicketValidator\AbstractCasProtocolTicketValidator.cs">
</Event><Event ErrorLevel="0" Project="DotNetCasClient" Source="DotNetCasClient\Validation\TicketValidator\AbstractUrlTicketValidator.cs" Description="文件已成功备份为 D:\donet\dotnet-cas-client-master\Backup\DotNetCasClient\Validation\TicketValidator\AbstractUrlTicketValidator.cs">
</Event><Event ErrorLevel="0" Project="DotNetCasClient" Source="DotNetCasClient\Validation\TicketValidator\Cas10TicketValidator.cs" Description="文件已成功备份为 D:\donet\dotnet-cas-client-master\Backup\DotNetCasClient\Validation\TicketValidator\Cas10TicketValidator.cs">
</Event><Event ErrorLevel="0" Project="DotNetCasClient" Source="DotNetCasClient\Validation\TicketValidator\Cas20ServiceTicketValidator.cs" Description="文件已成功备份为 D:\donet\dotnet-cas-client-master\Backup\DotNetCasClient\Validation\TicketValidator\Cas20ServiceTicketValidator.cs">
</Event><Event ErrorLevel="0" Project="DotNetCasClient" Source="DotNetCasClient\Validation\CasSaml11Response.cs" Description="文件已成功备份为 D:\donet\dotnet-cas-client-master\Backup\DotNetCasClient\Validation\CasSaml11Response.cs">
</Event><Event ErrorLevel="0" Project="DotNetCasClient" Source="DotNetCasClient\Validation\TicketValidator\ITicketValidator.cs" Description="文件已成功备份为 D:\donet\dotnet-cas-client-master\Backup\DotNetCasClient\Validation\TicketValidator\ITicketValidator.cs">
</Event><Event ErrorLevel="0" Project="DotNetCasClient" Source="DotNetCasClient\Validation\TicketValidator\Saml11TicketValidator.cs" Description="文件已成功备份为 D:\donet\dotnet-cas-client-master\Backup\DotNetCasClient\Validation\TicketValidator\Saml11TicketValidator.cs">
</Event><Event ErrorLevel="0" Project="DotNetCasClient" Source="DotNetCasClient\Validation\SamlUtils.cs" Description="文件已成功备份为 D:\donet\dotnet-cas-client-master\Backup\DotNetCasClient\Validation\SamlUtils.cs">
</Event><Event ErrorLevel="0" Project="DotNetCasClient" Source="DotNetCasClient\Validation\Schema\Cas20\AuthenticationFailure.cs" Description="文件已成功备份为 D:\donet\dotnet-cas-client-master\Backup\DotNetCasClient\Validation\Schema\Cas20\AuthenticationFailure.cs">
</Event><Event ErrorLevel="0" Project="DotNetCasClient" Source="DotNetCasClient\Validation\Schema\Cas20\AuthenticationSuccess.cs" Description="文件已成功备份为 D:\donet\dotnet-cas-client-master\Backup\DotNetCasClient\Validation\Schema\Cas20\AuthenticationSuccess.cs">
</Event><Event ErrorLevel="0" Project="DotNetCasClient" Source="DotNetCasClient\Validation\Schema\Cas20\ProxyFailure.cs" Description="文件已成功备份为 D:\donet\dotnet-cas-client-master\Backup\DotNetCasClient\Validation\Schema\Cas20\ProxyFailure.cs">
</Event><Event ErrorLevel="0" Project="DotNetCasClient" Source="DotNetCasClient\Validation\Schema\Cas20\ProxySuccess.cs" Description="文件已成功备份为 D:\donet\dotnet-cas-client-master\Backup\DotNetCasClient\Validation\Schema\Cas20\ProxySuccess.cs">
</Event><Event ErrorLevel="0" Project="DotNetCasClient" Source="DotNetCasClient\Validation\Schema\Cas20\ServiceResponse.cs" Description="文件已成功备份为 D:\donet\dotnet-cas-client-master\Backup\DotNetCasClient\Validation\Schema\Cas20\ServiceResponse.cs">
</Event><Event ErrorLevel="0" Project="DotNetCasClient" Source="DotNetCasClient\Validation\Schema\Saml11\Assertion\ActionType.cs" Description="文件已成功备份为 D:\donet\dotnet-cas-client-master\Backup\DotNetCasClient\Validation\Schema\Saml11\Assertion\ActionType.cs">
</Event><Event ErrorLevel="0" Project="DotNetCasClient" Source="DotNetCasClient\Validation\Schema\Saml11\Assertion\AdviceType.cs" Description="文件已成功备份为 D:\donet\dotnet-cas-client-master\Backup\DotNetCasClient\Validation\Schema\Saml11\Assertion\AdviceType.cs">
</Event><Event ErrorLevel="0" Project="DotNetCasClient" Source="DotNetCasClient\Validation\Schema\Saml11\Assertion\AssertionType.cs" Description="文件已成功备份为 D:\donet\dotnet-cas-client-master\Backup\DotNetCasClient\Validation\Schema\Saml11\Assertion\AssertionType.cs">
</Event><Event ErrorLevel="0" Project="DotNetCasClient" Source="DotNetCasClient\Validation\Schema\Saml11\Assertion\Attribute\AttributeDesignatorType.cs" Description="文件已成功备份为 D:\donet\dotnet-cas-client-master\Backup\DotNetCasClient\Validation\Schema\Saml11\Assertion\Attribute\AttributeDesignatorType.cs">
</Event><Event ErrorLevel="0" Project="DotNetCasClient" Source="DotNetCasClient\Validation\Schema\Saml11\Assertion\Attribute\AttributeType.cs" Description="文件已成功备份为 D:\donet\dotnet-cas-client-master\Backup\DotNetCasClient\Validation\Schema\Saml11\Assertion\Attribute\AttributeType.cs">
</Event><Event ErrorLevel="0" Project="DotNetCasClient" Source="DotNetCasClient\Validation\Schema\Saml11\Assertion\AuthorityBindingType.cs" Description="文件已成功备份为 D:\donet\dotnet-cas-client-master\Backup\DotNetCasClient\Validation\Schema\Saml11\Assertion\AuthorityBindingType.cs">
</Event><Event ErrorLevel="0" Project="DotNetCasClient" Source="DotNetCasClient\Validation\Schema\Saml11\Assertion\Condition\AudienceRestrictionConditionType.cs" Description="文件已成功备份为 D:\donet\dotnet-cas-client-master\Backup\DotNetCasClient\Validation\Schema\Saml11\Assertion\Condition\AudienceRestrictionConditionType.cs">
</Event><Event ErrorLevel="0" Project="DotNetCasClient" Source="DotNetCasClient\Validation\Schema\Saml11\Assertion\Condition\ConditionAbstractType.cs" Description="文件已成功备份为 D:\donet\dotnet-cas-client-master\Backup\DotNetCasClient\Validation\Schema\Saml11\Assertion\Condition\ConditionAbstractType.cs">
</Event><Event ErrorLevel="0" Project="DotNetCasClient" Source="DotNetCasClient\Validation\Schema\Saml11\Assertion\Condition\ConditionsType.cs" Description="文件已成功备份为 D:\donet\dotnet-cas-client-master\Backup\DotNetCasClient\Validation\Schema\Saml11\Assertion\Condition\ConditionsType.cs">
</Event><Event ErrorLevel="0" Project="DotNetCasClient" Source="DotNetCasClient\Validation\Schema\Saml11\Assertion\Condition\DoNotCacheConditionType.cs" Description="文件已成功备份为 D:\donet\dotnet-cas-client-master\Backup\DotNetCasClient\Validation\Schema\Saml11\Assertion\Condition\DoNotCacheConditionType.cs">
</Event><Event ErrorLevel="0" Project="DotNetCasClient" Source="DotNetCasClient\Validation\Schema\Saml11\Assertion\DecisionType.cs" Description="文件已成功备份为 D:\donet\dotnet-cas-client-master\Backup\DotNetCasClient\Validation\Schema\Saml11\Assertion\DecisionType.cs">
</Event><Event ErrorLevel="0" Project="DotNetCasClient" Source="DotNetCasClient\Validation\Schema\Saml11\Assertion\EvidenceType.cs" Description="文件已成功备份为 D:\donet\dotnet-cas-client-master\Backup\DotNetCasClient\Validation\Schema\Saml11\Assertion\EvidenceType.cs">
</Event><Event ErrorLevel="0" Project="DotNetCasClient" Source="DotNetCasClient\Validation\Schema\Saml11\Assertion\NameIdentifierType.cs" Description="文件已成功备份为 D:\donet\dotnet-cas-client-master\Backup\DotNetCasClient\Validation\Schema\Saml11\Assertion\NameIdentifierType.cs">
</Event><Event ErrorLevel="0" Project="DotNetCasClient" Source="DotNetCasClient\Validation\Schema\Saml11\Assertion\Statement\StatementAbstractType.cs" Description="文件已成功备份为 D:\donet\dotnet-cas-client-master\Backup\DotNetCasClient\Validation\Schema\Saml11\Assertion\Statement\StatementAbstractType.cs">
</Event><Event ErrorLevel="0" Project="DotNetCasClient" Source="DotNetCasClient\Validation\Schema\Saml11\Assertion\SubjectConfirmationType.cs" Description="文件已成功备份为 D:\donet\dotnet-cas-client-master\Backup\DotNetCasClient\Validation\Schema\Saml11\Assertion\SubjectConfirmationType.cs">
</Event><Event ErrorLevel="0" Project="DotNetCasClient" Source="DotNetCasClient\Validation\Schema\Saml11\Assertion\SubjectLocalityType.cs" Description="文件已成功备份为 D:\donet\dotnet-cas-client-master\Backup\DotNetCasClient\Validation\Schema\Saml11\Assertion\SubjectLocalityType.cs">
</Event><Event ErrorLevel="0" Project="DotNetCasClient" Source="DotNetCasClient\Validation\Schema\Saml11\Assertion\SubjectStatement\AttributeStatementType.cs" Description="文件已成功备份为 D:\donet\dotnet-cas-client-master\Backup\DotNetCasClient\Validation\Schema\Saml11\Assertion\SubjectStatement\AttributeStatementType.cs">
</Event><Event ErrorLevel="0" Project="DotNetCasClient" Source="DotNetCasClient\Validation\Schema\Saml11\Assertion\SubjectStatement\AuthenticationStatementType.cs" Description="文件已成功备份为 D:\donet\dotnet-cas-client-master\Backup\DotNetCasClient\Validation\Schema\Saml11\Assertion\SubjectStatement\AuthenticationStatementType.cs">
</Event><Event ErrorLevel="0" Project="DotNetCasClient" Source="DotNetCasClient\Validation\Schema\Saml11\Assertion\SubjectStatement\AuthorizationDecisionStatementType.cs" Description="文件已成功备份为 D:\donet\dotnet-cas-client-master\Backup\DotNetCasClient\Validation\Schema\Saml11\Assertion\SubjectStatement\AuthorizationDecisionStatementType.cs">
</Event><Event ErrorLevel="0" Project="DotNetCasClient" Source="DotNetCasClient\Validation\Schema\Saml11\Assertion\SubjectStatement\SubjectStatementAbstractType.cs" Description="文件已成功备份为 D:\donet\dotnet-cas-client-master\Backup\DotNetCasClient\Validation\Schema\Saml11\Assertion\SubjectStatement\SubjectStatementAbstractType.cs">
</Event><Event ErrorLevel="0" Project="DotNetCasClient" Source="DotNetCasClient\Validation\Schema\Saml11\Assertion\SubjectType.cs" Description="文件已成功备份为 D:\donet\dotnet-cas-client-master\Backup\DotNetCasClient\Validation\Schema\Saml11\Assertion\SubjectType.cs">
</Event><Event ErrorLevel="0" Project="DotNetCasClient" Source="DotNetCasClient\Validation\Schema\Saml11\Protocol\Request\RequestAbstractType.cs" Description="文件已成功备份为 D:\donet\dotnet-cas-client-master\Backup\DotNetCasClient\Validation\Schema\Saml11\Protocol\Request\RequestAbstractType.cs">
</Event><Event ErrorLevel="0" Project="DotNetCasClient" Source="DotNetCasClient\Validation\Schema\Saml11\Protocol\Request\RequestType.cs" Description="文件已成功备份为 D:\donet\dotnet-cas-client-master\Backup\DotNetCasClient\Validation\Schema\Saml11\Protocol\Request\RequestType.cs">
</Event><Event ErrorLevel="0" Project="DotNetCasClient" Source="DotNetCasClient\Validation\Schema\Saml11\Protocol\Response\ResponseAbstractType.cs" Description="文件已成功备份为 D:\donet\dotnet-cas-client-master\Backup\DotNetCasClient\Validation\Schema\Saml11\Protocol\Response\ResponseAbstractType.cs">
</Event><Event ErrorLevel="0" Project="DotNetCasClient" Source="DotNetCasClient\Validation\Schema\Saml11\Protocol\Response\ResponseType.cs" Description="文件已成功备份为 D:\donet\dotnet-cas-client-master\Backup\DotNetCasClient\Validation\Schema\Saml11\Protocol\Response\ResponseType.cs">
</Event><Event ErrorLevel="0" Project="DotNetCasClient" Source="DotNetCasClient\Validation\Schema\Saml11\Protocol\StatusCodeType.cs" Description="文件已成功备份为 D:\donet\dotnet-cas-client-master\Backup\DotNetCasClient\Validation\Schema\Saml11\Protocol\StatusCodeType.cs">
</Event><Event ErrorLevel="0" Project="DotNetCasClient" Source="DotNetCasClient\Validation\Schema\Saml11\Protocol\StatusDetailType.cs" Description="文件已成功备份为 D:\donet\dotnet-cas-client-master\Backup\DotNetCasClient\Validation\Schema\Saml11\Protocol\StatusDetailType.cs">
</Event><Event ErrorLevel="0" Project="DotNetCasClient" Source="DotNetCasClient\Validation\Schema\Saml11\Protocol\StatusType.cs" Description="文件已成功备份为 D:\donet\dotnet-cas-client-master\Backup\DotNetCasClient\Validation\Schema\Saml11\Protocol\StatusType.cs">
</Event><Event ErrorLevel="0" Project="DotNetCasClient" Source="DotNetCasClient\Validation\Schema\Saml11\Protocol\SubjectQuery\AttributeQueryType.cs" Description="文件已成功备份为 D:\donet\dotnet-cas-client-master\Backup\DotNetCasClient\Validation\Schema\Saml11\Protocol\SubjectQuery\AttributeQueryType.cs">
</Event><Event ErrorLevel="0" Project="DotNetCasClient" Source="DotNetCasClient\Validation\Schema\Saml11\Protocol\SubjectQuery\AuthenticationQueryType.cs" Description="文件已成功备份为 D:\donet\dotnet-cas-client-master\Backup\DotNetCasClient\Validation\Schema\Saml11\Protocol\SubjectQuery\AuthenticationQueryType.cs">
</Event><Event ErrorLevel="0" Project="DotNetCasClient" Source="DotNetCasClient\Validation\Schema\Saml11\Protocol\SubjectQuery\AuthorizationDecisionQueryType.cs" Description="文件已成功备份为 D:\donet\dotnet-cas-client-master\Backup\DotNetCasClient\Validation\Schema\Saml11\Protocol\SubjectQuery\AuthorizationDecisionQueryType.cs">
</Event><Event ErrorLevel="0" Project="DotNetCasClient" Source="DotNetCasClient\Validation\Schema\Saml11\Protocol\SubjectQuery\QueryAbstractType.cs" Description="文件已成功备份为 D:\donet\dotnet-cas-client-master\Backup\DotNetCasClient\Validation\Schema\Saml11\Protocol\SubjectQuery\QueryAbstractType.cs">
</Event><Event ErrorLevel="0" Project="DotNetCasClient" Source="DotNetCasClient\Validation\Schema\Saml11\Protocol\SubjectQuery\SubjectQueryAbstractType.cs" Description="文件已成功备份为 D:\donet\dotnet-cas-client-master\Backup\DotNetCasClient\Validation\Schema\Saml11\Protocol\SubjectQuery\SubjectQueryAbstractType.cs">
</Event><Event ErrorLevel="0" Project="DotNetCasClient" Source="DotNetCasClient\Validation\Schema\Saml20\Assertion\ActionType.cs" Description="文件已成功备份为 D:\donet\dotnet-cas-client-master\Backup\DotNetCasClient\Validation\Schema\Saml20\Assertion\ActionType.cs">
</Event><Event ErrorLevel="0" Project="DotNetCasClient" Source="DotNetCasClient\Validation\Schema\Saml20\Assertion\AdviceType.cs" Description="文件已成功备份为 D:\donet\dotnet-cas-client-master\Backup\DotNetCasClient\Validation\Schema\Saml20\Assertion\AdviceType.cs">
</Event><Event ErrorLevel="0" Project="DotNetCasClient" Source="DotNetCasClient\Validation\Schema\Saml20\Assertion\AssertionType.cs" Description="文件已成功备份为 D:\donet\dotnet-cas-client-master\Backup\DotNetCasClient\Validation\Schema\Saml20\Assertion\AssertionType.cs">
</Event><Event ErrorLevel="0" Project="DotNetCasClient" Source="DotNetCasClient\Validation\Schema\Saml20\Assertion\Attribute\AttributeType.cs" Description="文件已成功备份为 D:\donet\dotnet-cas-client-master\Backup\DotNetCasClient\Validation\Schema\Saml20\Assertion\Attribute\AttributeType.cs">
</Event><Event ErrorLevel="0" Project="DotNetCasClient" Source="DotNetCasClient\Validation\Schema\Saml20\Assertion\AuthnContextType.cs" Description="文件已成功备份为 D:\donet\dotnet-cas-client-master\Backup\DotNetCasClient\Validation\Schema\Saml20\Assertion\AuthnContextType.cs">
</Event><Event ErrorLevel="0" Project="DotNetCasClient" Source="DotNetCasClient\Validation\Schema\Saml20\Assertion\BaseIdAbstractType.cs" Description="文件已成功备份为 D:\donet\dotnet-cas-client-master\Backup\DotNetCasClient\Validation\Schema\Saml20\Assertion\BaseIdAbstractType.cs">
</Event><Event ErrorLevel="0" Project="DotNetCasClient" Source="DotNetCasClient\Validation\Schema\Saml20\Assertion\Condition\AudienceRestrictionType.cs" Description="文件已成功备份为 D:\donet\dotnet-cas-client-master\Backup\DotNetCasClient\Validation\Schema\Saml20\Assertion\Condition\AudienceRestrictionType.cs">
</Event><Event ErrorLevel="0" Project="DotNetCasClient" Source="DotNetCasClient\Validation\Schema\Saml20\Assertion\Condition\ConditionAbstractType.cs" Description="文件已成功备份为 D:\donet\dotnet-cas-client-master\Backup\DotNetCasClient\Validation\Schema\Saml20\Assertion\Condition\ConditionAbstractType.cs">
</Event><Event ErrorLevel="0" Project="DotNetCasClient" Source="DotNetCasClient\Validation\Schema\Saml20\Assertion\Condition\ConditionsType.cs" Description="文件已成功备份为 D:\donet\dotnet-cas-client-master\Backup\DotNetCasClient\Validation\Schema\Saml20\Assertion\Condition\ConditionsType.cs">
</Event><Event ErrorLevel="0" Project="DotNetCasClient" Source="DotNetCasClient\Validation\Schema\Saml20\Assertion\Condition\OneTimeUseType.cs" Description="文件已成功备份为 D:\donet\dotnet-cas-client-master\Backup\DotNetCasClient\Validation\Schema\Saml20\Assertion\Condition\OneTimeUseType.cs">
</Event><Event ErrorLevel="0" Project="DotNetCasClient" Source="DotNetCasClient\Validation\Schema\Saml20\Assertion\Condition\ProxyRestrictionType.cs" Description="文件已成功备份为 D:\donet\dotnet-cas-client-master\Backup\DotNetCasClient\Validation\Schema\Saml20\Assertion\Condition\ProxyRestrictionType.cs">
</Event><Event ErrorLevel="0" Project="DotNetCasClient" Source="DotNetCasClient\Validation\Schema\Saml20\Assertion\EncryptedElementType.cs" Description="文件已成功备份为 D:\donet\dotnet-cas-client-master\Backup\DotNetCasClient\Validation\Schema\Saml20\Assertion\EncryptedElementType.cs">
</Event><Event ErrorLevel="0" Project="DotNetCasClient" Source="DotNetCasClient\Validation\Schema\Saml20\Assertion\NameIdType.cs" Description="文件已成功备份为 D:\donet\dotnet-cas-client-master\Backup\DotNetCasClient\Validation\Schema\Saml20\Assertion\NameIdType.cs">
</Event><Event ErrorLevel="0" Project="DotNetCasClient" Source="DotNetCasClient\Validation\Schema\Saml20\Assertion\Statement\AttributeStatementType.cs" Description="文件已成功备份为 D:\donet\dotnet-cas-client-master\Backup\DotNetCasClient\Validation\Schema\Saml20\Assertion\Statement\AttributeStatementType.cs">
</Event><Event ErrorLevel="0" Project="DotNetCasClient" Source="DotNetCasClient\Validation\Schema\Saml20\Assertion\Statement\AuthnStatementType.cs" Description="文件已成功备份为 D:\donet\dotnet-cas-client-master\Backup\DotNetCasClient\Validation\Schema\Saml20\Assertion\Statement\AuthnStatementType.cs">
</Event><Event ErrorLevel="0" Project="DotNetCasClient" Source="DotNetCasClient\Validation\Schema\Saml20\Assertion\Statement\AuthzDecisionStatementType.cs" Description="文件已成功备份为 D:\donet\dotnet-cas-client-master\Backup\DotNetCasClient\Validation\Schema\Saml20\Assertion\Statement\AuthzDecisionStatementType.cs">
</Event><Event ErrorLevel="0" Project="DotNetCasClient" Source="DotNetCasClient\Validation\Schema\Saml20\Assertion\Statement\StatementAbstractType.cs" Description="文件已成功备份为 D:\donet\dotnet-cas-client-master\Backup\DotNetCasClient\Validation\Schema\Saml20\Assertion\Statement\StatementAbstractType.cs">
</Event><Event ErrorLevel="0" Project="DotNetCasClient" Source="DotNetCasClient\Validation\Schema\Saml20\Assertion\SubjectConfirmationDataType.cs" Description="文件已成功备份为 D:\donet\dotnet-cas-client-master\Backup\DotNetCasClient\Validation\Schema\Saml20\Assertion\SubjectConfirmationDataType.cs">
</Event><Event ErrorLevel="0" Project="DotNetCasClient" Source="DotNetCasClient\Validation\Schema\Saml20\Assertion\SubjectConfirmationType.cs" Description="文件已成功备份为 D:\donet\dotnet-cas-client-master\Backup\DotNetCasClient\Validation\Schema\Saml20\Assertion\SubjectConfirmationType.cs">
</Event><Event ErrorLevel="0" Project="DotNetCasClient" Source="DotNetCasClient\Validation\Schema\Saml20\Assertion\SubjectLocalityType.cs" Description="文件已成功备份为 D:\donet\dotnet-cas-client-master\Backup\DotNetCasClient\Validation\Schema\Saml20\Assertion\SubjectLocalityType.cs">
</Event><Event ErrorLevel="0" Project="DotNetCasClient" Source="DotNetCasClient\Validation\Schema\Saml20\Assertion\SubjectType.cs" Description="文件已成功备份为 D:\donet\dotnet-cas-client-master\Backup\DotNetCasClient\Validation\Schema\Saml20\Assertion\SubjectType.cs">
</Event><Event ErrorLevel="0" Project="DotNetCasClient" Source="DotNetCasClient\Validation\Schema\Saml20\AuthnContextComparisonType.cs" Description="文件已成功备份为 D:\donet\dotnet-cas-client-master\Backup\DotNetCasClient\Validation\Schema\Saml20\AuthnContextComparisonType.cs">
</Event><Event ErrorLevel="0" Project="DotNetCasClient" Source="DotNetCasClient\Validation\Schema\Saml20\DecisionType.cs" Description="文件已成功备份为 D:\donet\dotnet-cas-client-master\Backup\DotNetCasClient\Validation\Schema\Saml20\DecisionType.cs">
</Event><Event ErrorLevel="0" Project="DotNetCasClient" Source="DotNetCasClient\Validation\Schema\Saml20\EvidenceType.cs" Description="文件已成功备份为 D:\donet\dotnet-cas-client-master\Backup\DotNetCasClient\Validation\Schema\Saml20\EvidenceType.cs">
</Event><Event ErrorLevel="0" Project="DotNetCasClient" Source="DotNetCasClient\Validation\Schema\Saml20\KeyInfoConfirmationDataType.cs" Description="文件已成功备份为 D:\donet\dotnet-cas-client-master\Backup\DotNetCasClient\Validation\Schema\Saml20\KeyInfoConfirmationDataType.cs">
</Event><Event ErrorLevel="0" Project="DotNetCasClient" Source="DotNetCasClient\Validation\Schema\Saml20\Metadata\AdditionalMetadataLocationType.cs" Description="文件已成功备份为 D:\donet\dotnet-cas-client-master\Backup\DotNetCasClient\Validation\Schema\Saml20\Metadata\AdditionalMetadataLocationType.cs">
</Event><Event ErrorLevel="0" Project="DotNetCasClient" Source="DotNetCasClient\Validation\Schema\Saml20\Metadata\AffiliationDescriptorType.cs" Description="文件已成功备份为 D:\donet\dotnet-cas-client-master\Backup\DotNetCasClient\Validation\Schema\Saml20\Metadata\AffiliationDescriptorType.cs">
</Event><Event ErrorLevel="0" Project="DotNetCasClient" Source="DotNetCasClient\Validation\Schema\Saml20\Metadata\AttributeAuthorityDescriptorType.cs" Description="文件已成功备份为 D:\donet\dotnet-cas-client-master\Backup\DotNetCasClient\Validation\Schema\Saml20\Metadata\AttributeAuthorityDescriptorType.cs">
</Event><Event ErrorLevel="0" Project="DotNetCasClient" Source="DotNetCasClient\Validation\Schema\Saml20\Metadata\AttributeConsumingServiceType.cs" Description="文件已成功备份为 D:\donet\dotnet-cas-client-master\Backup\DotNetCasClient\Validation\Schema\Saml20\Metadata\AttributeConsumingServiceType.cs">
</Event><Event ErrorLevel="0" Project="DotNetCasClient" Source="DotNetCasClient\Validation\Schema\Saml20\Metadata\AuthnAuthorityDescriptorType.cs" Description="文件已成功备份为 D:\donet\dotnet-cas-client-master\Backup\DotNetCasClient\Validation\Schema\Saml20\Metadata\AuthnAuthorityDescriptorType.cs">
</Event><Event ErrorLevel="0" Project="DotNetCasClient" Source="DotNetCasClient\Validation\Schema\Saml20\Metadata\ContactType.cs" Description="文件已成功备份为 D:\donet\dotnet-cas-client-master\Backup\DotNetCasClient\Validation\Schema\Saml20\Metadata\ContactType.cs">
</Event><Event ErrorLevel="0" Project="DotNetCasClient" Source="DotNetCasClient\Validation\Schema\Saml20\Metadata\ContactTypeType.cs" Description="文件已成功备份为 D:\donet\dotnet-cas-client-master\Backup\DotNetCasClient\Validation\Schema\Saml20\Metadata\ContactTypeType.cs">
</Event><Event ErrorLevel="0" Project="DotNetCasClient" Source="DotNetCasClient\Validation\Schema\Saml20\Metadata\EndpointType.cs" Description="文件已成功备份为 D:\donet\dotnet-cas-client-master\Backup\DotNetCasClient\Validation\Schema\Saml20\Metadata\EndpointType.cs">
</Event><Event ErrorLevel="0" Project="DotNetCasClient" Source="DotNetCasClient\Validation\Schema\Saml20\Metadata\EntitiesDescriptorType.cs" Description="文件已成功备份为 D:\donet\dotnet-cas-client-master\Backup\DotNetCasClient\Validation\Schema\Saml20\Metadata\EntitiesDescriptorType.cs">
</Event><Event ErrorLevel="0" Project="DotNetCasClient" Source="DotNetCasClient\Validation\Schema\Saml20\Metadata\EntityDescriptorType.cs" Description="文件已成功备份为 D:\donet\dotnet-cas-client-master\Backup\DotNetCasClient\Validation\Schema\Saml20\Metadata\EntityDescriptorType.cs">
</Event><Event ErrorLevel="0" Project="DotNetCasClient" Source="DotNetCasClient\Validation\Schema\Saml20\Metadata\ExtensionsType.cs" Description="文件已成功备份为 D:\donet\dotnet-cas-client-master\Backup\DotNetCasClient\Validation\Schema\Saml20\Metadata\ExtensionsType.cs">
</Event><Event ErrorLevel="0" Project="DotNetCasClient" Source="DotNetCasClient\Validation\Schema\Saml20\Metadata\IdpSsoDescriptorType.cs" Description="文件已成功备份为 D:\donet\dotnet-cas-client-master\Backup\DotNetCasClient\Validation\Schema\Saml20\Metadata\IdpSsoDescriptorType.cs">
</Event><Event ErrorLevel="0" Project="DotNetCasClient" Source="DotNetCasClient\Validation\Schema\Saml20\Metadata\IndexedEndpointType.cs" Description="文件已成功备份为 D:\donet\dotnet-cas-client-master\Backup\DotNetCasClient\Validation\Schema\Saml20\Metadata\IndexedEndpointType.cs">
</Event><Event ErrorLevel="0" Project="DotNetCasClient" Source="DotNetCasClient\Validation\Schema\Saml20\Metadata\KeyDescriptorType.cs" Description="文件已成功备份为 D:\donet\dotnet-cas-client-master\Backup\DotNetCasClient\Validation\Schema\Saml20\Metadata\KeyDescriptorType.cs">
</Event><Event ErrorLevel="0" Project="DotNetCasClient" Source="DotNetCasClient\Validation\Schema\Saml20\Metadata\KeyTypes.cs" Description="文件已成功备份为 D:\donet\dotnet-cas-client-master\Backup\DotNetCasClient\Validation\Schema\Saml20\Metadata\KeyTypes.cs">
</Event><Event ErrorLevel="0" Project="DotNetCasClient" Source="DotNetCasClient\Validation\Schema\Saml20\Metadata\LocalizedNameType.cs" Description="文件已成功备份为 D:\donet\dotnet-cas-client-master\Backup\DotNetCasClient\Validation\Schema\Saml20\Metadata\LocalizedNameType.cs">
</Event><Event ErrorLevel="0" Project="DotNetCasClient" Source="DotNetCasClient\Validation\Schema\Saml20\Metadata\LocalizedUriType.cs" Description="文件已成功备份为 D:\donet\dotnet-cas-client-master\Backup\DotNetCasClient\Validation\Schema\Saml20\Metadata\LocalizedUriType.cs">
</Event><Event ErrorLevel="0" Project="DotNetCasClient" Source="DotNetCasClient\Validation\Schema\Saml20\Metadata\OrganizationType.cs" Description="文件已成功备份为 D:\donet\dotnet-cas-client-master\Backup\DotNetCasClient\Validation\Schema\Saml20\Metadata\OrganizationType.cs">
</Event><Event ErrorLevel="0" Project="DotNetCasClient" Source="DotNetCasClient\Validation\Schema\Saml20\Metadata\PdpDescriptorType.cs" Description="文件已成功备份为 D:\donet\dotnet-cas-client-master\Backup\DotNetCasClient\Validation\Schema\Saml20\Metadata\PdpDescriptorType.cs">
</Event><Event ErrorLevel="0" Project="DotNetCasClient" Source="DotNetCasClient\Validation\Schema\Saml20\Metadata\RequestedAttributeType.cs" Description="文件已成功备份为 D:\donet\dotnet-cas-client-master\Backup\DotNetCasClient\Validation\Schema\Saml20\Metadata\RequestedAttributeType.cs">
</Event><Event ErrorLevel="0" Project="DotNetCasClient" Source="DotNetCasClient\Validation\Schema\Saml20\Metadata\RoleDescriptorType.cs" Description="文件已成功备份为 D:\donet\dotnet-cas-client-master\Backup\DotNetCasClient\Validation\Schema\Saml20\Metadata\RoleDescriptorType.cs">
</Event><Event ErrorLevel="0" Project="DotNetCasClient" Source="DotNetCasClient\Validation\Schema\Saml20\Metadata\SpSsoDescriptorType.cs" Description="文件已成功备份为 D:\donet\dotnet-cas-client-master\Backup\DotNetCasClient\Validation\Schema\Saml20\Metadata\SpSsoDescriptorType.cs">
</Event><Event ErrorLevel="0" Project="DotNetCasClient" Source="DotNetCasClient\Validation\Schema\Saml20\Metadata\SsoDescriptorType.cs" Description="文件已成功备份为 D:\donet\dotnet-cas-client-master\Backup\DotNetCasClient\Validation\Schema\Saml20\Metadata\SsoDescriptorType.cs">
</Event><Event ErrorLevel="0" Project="DotNetCasClient" Source="DotNetCasClient\Validation\Schema\Saml20\NameIdPolicyType.cs" Description="文件已成功备份为 D:\donet\dotnet-cas-client-master\Backup\DotNetCasClient\Validation\Schema\Saml20\NameIdPolicyType.cs">
</Event><Event ErrorLevel="0" Project="DotNetCasClient" Source="DotNetCasClient\Validation\Schema\Saml20\Protocol\Extensions\ExtensionsType.cs" Description="文件已成功备份为 D:\donet\dotnet-cas-client-master\Backup\DotNetCasClient\Validation\Schema\Saml20\Protocol\Extensions\ExtensionsType.cs">
</Event><Event ErrorLevel="0" Project="DotNetCasClient" Source="DotNetCasClient\Validation\Schema\Saml20\Protocol\IdpEntryType.cs" Description="文件已成功备份为 D:\donet\dotnet-cas-client-master\Backup\DotNetCasClient\Validation\Schema\Saml20\Protocol\IdpEntryType.cs">
</Event><Event ErrorLevel="0" Project="DotNetCasClient" Source="DotNetCasClient\Validation\Schema\Saml20\Protocol\IdpListType.cs" Description="文件已成功备份为 D:\donet\dotnet-cas-client-master\Backup\DotNetCasClient\Validation\Schema\Saml20\Protocol\IdpListType.cs">
</Event><Event ErrorLevel="0" Project="DotNetCasClient" Source="DotNetCasClient\Validation\Schema\Saml20\Protocol\Request\ArtifactResolveType.cs" Description="文件已成功备份为 D:\donet\dotnet-cas-client-master\Backup\DotNetCasClient\Validation\Schema\Saml20\Protocol\Request\ArtifactResolveType.cs">
</Event><Event ErrorLevel="0" Project="DotNetCasClient" Source="DotNetCasClient\Validation\Schema\Saml20\Protocol\Request\AssertionIdRequestType.cs" Description="文件已成功备份为 D:\donet\dotnet-cas-client-master\Backup\DotNetCasClient\Validation\Schema\Saml20\Protocol\Request\AssertionIdRequestType.cs">
</Event><Event ErrorLevel="0" Project="DotNetCasClient" Source="DotNetCasClient\Validation\Schema\Saml20\Protocol\Request\AuthnRequestType.cs" Description="文件已成功备份为 D:\donet\dotnet-cas-client-master\Backup\DotNetCasClient\Validation\Schema\Saml20\Protocol\Request\AuthnRequestType.cs">
</Event><Event ErrorLevel="0" Project="DotNetCasClient" Source="DotNetCasClient\Validation\Schema\Saml20\Protocol\Request\LogoutRequestType.cs" Description="文件已成功备份为 D:\donet\dotnet-cas-client-master\Backup\DotNetCasClient\Validation\Schema\Saml20\Protocol\Request\LogoutRequestType.cs">
</Event><Event ErrorLevel="0" Project="DotNetCasClient" Source="DotNetCasClient\Validation\Schema\Saml20\Protocol\Request\ManageNameIdRequestType.cs" Description="文件已成功备份为 D:\donet\dotnet-cas-client-master\Backup\DotNetCasClient\Validation\Schema\Saml20\Protocol\Request\ManageNameIdRequestType.cs">
</Event><Event ErrorLevel="0" Project="DotNetCasClient" Source="DotNetCasClient\Validation\Schema\Saml20\Protocol\Request\NameIdMappingRequestType.cs" Description="文件已成功备份为 D:\donet\dotnet-cas-client-master\Backup\DotNetCasClient\Validation\Schema\Saml20\Protocol\Request\NameIdMappingRequestType.cs">
</Event><Event ErrorLevel="0" Project="DotNetCasClient" Source="DotNetCasClient\Validation\Schema\Saml20\Protocol\Request\RequestAbstractType.cs" Description="文件已成功备份为 D:\donet\dotnet-cas-client-master\Backup\DotNetCasClient\Validation\Schema\Saml20\Protocol\Request\RequestAbstractType.cs">
</Event><Event ErrorLevel="0" Project="DotNetCasClient" Source="DotNetCasClient\Validation\Schema\Saml20\Protocol\Request\RequestType.cs" Description="文件已成功备份为 D:\donet\dotnet-cas-client-master\Backup\DotNetCasClient\Validation\Schema\Saml20\Protocol\Request\RequestType.cs">
</Event><Event ErrorLevel="0" Project="DotNetCasClient" Source="DotNetCasClient\Validation\Schema\Saml20\Protocol\RequestedAuthnContextType.cs" Description="文件已成功备份为 D:\donet\dotnet-cas-client-master\Backup\DotNetCasClient\Validation\Schema\Saml20\Protocol\RequestedAuthnContextType.cs">
</Event><Event ErrorLevel="0" Project="DotNetCasClient" Source="DotNetCasClient\Validation\Schema\Saml20\Protocol\Response\ResponseType.cs" Description="文件已成功备份为 D:\donet\dotnet-cas-client-master\Backup\DotNetCasClient\Validation\Schema\Saml20\Protocol\Response\ResponseType.cs">
</Event><Event ErrorLevel="0" Project="DotNetCasClient" Source="DotNetCasClient\Validation\Schema\Saml20\Protocol\ScopingType.cs" Description="文件已成功备份为 D:\donet\dotnet-cas-client-master\Backup\DotNetCasClient\Validation\Schema\Saml20\Protocol\ScopingType.cs">
</Event><Event ErrorLevel="0" Project="DotNetCasClient" Source="DotNetCasClient\Validation\Schema\Saml20\Protocol\StatusCodeType.cs" Description="文件已成功备份为 D:\donet\dotnet-cas-client-master\Backup\DotNetCasClient\Validation\Schema\Saml20\Protocol\StatusCodeType.cs">
</Event><Event ErrorLevel="0" Project="DotNetCasClient" Source="DotNetCasClient\Validation\Schema\Saml20\Protocol\StatusDetailType.cs" Description="文件已成功备份为 D:\donet\dotnet-cas-client-master\Backup\DotNetCasClient\Validation\Schema\Saml20\Protocol\StatusDetailType.cs">
</Event><Event ErrorLevel="0" Project="DotNetCasClient" Source="DotNetCasClient\Validation\Schema\Saml20\Protocol\StatusResponse\ArtifactResponseType.cs" Description="文件已成功备份为 D:\donet\dotnet-cas-client-master\Backup\DotNetCasClient\Validation\Schema\Saml20\Protocol\StatusResponse\ArtifactResponseType.cs">
</Event><Event ErrorLevel="0" Project="DotNetCasClient" Source="DotNetCasClient\Validation\Schema\Saml20\Protocol\StatusResponse\NameIdMappingResponseType.cs" Description="文件已成功备份为 D:\donet\dotnet-cas-client-master\Backup\DotNetCasClient\Validation\Schema\Saml20\Protocol\StatusResponse\NameIdMappingResponseType.cs">
</Event><Event ErrorLevel="0" Project="DotNetCasClient" Source="DotNetCasClient\Validation\Schema\Saml20\Protocol\StatusResponse\StatusResponseType.cs" Description="文件已成功备份为 D:\donet\dotnet-cas-client-master\Backup\DotNetCasClient\Validation\Schema\Saml20\Protocol\StatusResponse\StatusResponseType.cs">
</Event><Event ErrorLevel="0" Project="DotNetCasClient" Source="DotNetCasClient\Validation\Schema\Saml20\Protocol\StatusType.cs" Description="文件已成功备份为 D:\donet\dotnet-cas-client-master\Backup\DotNetCasClient\Validation\Schema\Saml20\Protocol\StatusType.cs">
</Event><Event ErrorLevel="0" Project="DotNetCasClient" Source="DotNetCasClient\Validation\Schema\Saml20\Protocol\SubjectQuery\AttributeQueryType.cs" Description="文件已成功备份为 D:\donet\dotnet-cas-client-master\Backup\DotNetCasClient\Validation\Schema\Saml20\Protocol\SubjectQuery\AttributeQueryType.cs">
</Event><Event ErrorLevel="0" Project="DotNetCasClient" Source="DotNetCasClient\Validation\Schema\Saml20\Protocol\SubjectQuery\AuthnQueryType.cs" Description="文件已成功备份为 D:\donet\dotnet-cas-client-master\Backup\DotNetCasClient\Validation\Schema\Saml20\Protocol\SubjectQuery\AuthnQueryType.cs">
</Event><Event ErrorLevel="0" Project="DotNetCasClient" Source="DotNetCasClient\Validation\Schema\Saml20\Protocol\SubjectQuery\AuthzDecisionQueryType.cs" Description="文件已成功备份为 D:\donet\dotnet-cas-client-master\Backup\DotNetCasClient\Validation\Schema\Saml20\Protocol\SubjectQuery\AuthzDecisionQueryType.cs">
</Event><Event ErrorLevel="0" Project="DotNetCasClient" Source="DotNetCasClient\Validation\Schema\Saml20\Protocol\SubjectQuery\SubjectQueryAbstractType.cs" Description="文件已成功备份为 D:\donet\dotnet-cas-client-master\Backup\DotNetCasClient\Validation\Schema\Saml20\Protocol\SubjectQuery\SubjectQueryAbstractType.cs">
</Event><Event ErrorLevel="0" Project="DotNetCasClient" Source="DotNetCasClient\Validation\Schema\Saml20\Protocol\TerminateType.cs" Description="文件已成功备份为 D:\donet\dotnet-cas-client-master\Backup\DotNetCasClient\Validation\Schema\Saml20\Protocol\TerminateType.cs">
</Event><Event ErrorLevel="0" Project="DotNetCasClient" Source="DotNetCasClient\Validation\Schema\Saml20\RelayStateType.cs" Description="文件已成功备份为 D:\donet\dotnet-cas-client-master\Backup\DotNetCasClient\Validation\Schema\Saml20\RelayStateType.cs">
</Event><Event ErrorLevel="0" Project="DotNetCasClient" Source="DotNetCasClient\Validation\Schema\Saml20\ResponseType.cs" Description="文件已成功备份为 D:\donet\dotnet-cas-client-master\Backup\DotNetCasClient\Validation\Schema\Saml20\ResponseType.cs">
</Event><Event ErrorLevel="0" Project="DotNetCasClient" Source="DotNetCasClient\Validation\Schema\SoapEnvelope\Body.cs" Description="文件已成功备份为 D:\donet\dotnet-cas-client-master\Backup\DotNetCasClient\Validation\Schema\SoapEnvelope\Body.cs">
</Event><Event ErrorLevel="0" Project="DotNetCasClient" Source="DotNetCasClient\Validation\Schema\SoapEnvelope\Detail.cs" Description="文件已成功备份为 D:\donet\dotnet-cas-client-master\Backup\DotNetCasClient\Validation\Schema\SoapEnvelope\Detail.cs">
</Event><Event ErrorLevel="0" Project="DotNetCasClient" Source="DotNetCasClient\Validation\Schema\SoapEnvelope\Envelope.cs" Description="文件已成功备份为 D:\donet\dotnet-cas-client-master\Backup\DotNetCasClient\Validation\Schema\SoapEnvelope\Envelope.cs">
</Event><Event ErrorLevel="0" Project="DotNetCasClient" Source="DotNetCasClient\Validation\Schema\SoapEnvelope\Fault.cs" Description="文件已成功备份为 D:\donet\dotnet-cas-client-master\Backup\DotNetCasClient\Validation\Schema\SoapEnvelope\Fault.cs">
</Event><Event ErrorLevel="0" Project="DotNetCasClient" Source="DotNetCasClient\Validation\Schema\SoapEnvelope\Header.cs" Description="文件已成功备份为 D:\donet\dotnet-cas-client-master\Backup\DotNetCasClient\Validation\Schema\SoapEnvelope\Header.cs">
</Event><Event ErrorLevel="0" Project="DotNetCasClient" Source="DotNetCasClient\Validation\Schema\Xenc\AgreementMethodType.cs" Description="文件已成功备份为 D:\donet\dotnet-cas-client-master\Backup\DotNetCasClient\Validation\Schema\Xenc\AgreementMethodType.cs">
</Event><Event ErrorLevel="0" Project="DotNetCasClient" Source="DotNetCasClient\Validation\Schema\Xenc\CipherDataType.cs" Description="文件已成功备份为 D:\donet\dotnet-cas-client-master\Backup\DotNetCasClient\Validation\Schema\Xenc\CipherDataType.cs">
</Event><Event ErrorLevel="0" Project="DotNetCasClient" Source="DotNetCasClient\Validation\Schema\Xenc\CipherReferenceType.cs" Description="文件已成功备份为 D:\donet\dotnet-cas-client-master\Backup\DotNetCasClient\Validation\Schema\Xenc\CipherReferenceType.cs">
</Event><Event ErrorLevel="0" Project="DotNetCasClient" Source="DotNetCasClient\Validation\Schema\Xenc\EncryptedDataType.cs" Description="文件已成功备份为 D:\donet\dotnet-cas-client-master\Backup\DotNetCasClient\Validation\Schema\Xenc\EncryptedDataType.cs">
</Event><Event ErrorLevel="0" Project="DotNetCasClient" Source="DotNetCasClient\Validation\Schema\Xenc\EncryptedKeyType.cs" Description="文件已成功备份为 D:\donet\dotnet-cas-client-master\Backup\DotNetCasClient\Validation\Schema\Xenc\EncryptedKeyType.cs">
</Event><Event ErrorLevel="0" Project="DotNetCasClient" Source="DotNetCasClient\Validation\Schema\Xenc\EncryptedType.cs" Description="文件已成功备份为 D:\donet\dotnet-cas-client-master\Backup\DotNetCasClient\Validation\Schema\Xenc\EncryptedType.cs">
</Event><Event ErrorLevel="0" Project="DotNetCasClient" Source="DotNetCasClient\Validation\Schema\Xenc\EncryptionMethodType.cs" Description="文件已成功备份为 D:\donet\dotnet-cas-client-master\Backup\DotNetCasClient\Validation\Schema\Xenc\EncryptionMethodType.cs">
</Event><Event ErrorLevel="0" Project="DotNetCasClient" Source="DotNetCasClient\Validation\Schema\Xenc\EncryptionPropertiesType.cs" Description="文件已成功备份为 D:\donet\dotnet-cas-client-master\Backup\DotNetCasClient\Validation\Schema\Xenc\EncryptionPropertiesType.cs">
</Event><Event ErrorLevel="0" Project="DotNetCasClient" Source="DotNetCasClient\Validation\Schema\Xenc\EncryptionPropertyType.cs" Description="文件已成功备份为 D:\donet\dotnet-cas-client-master\Backup\DotNetCasClient\Validation\Schema\Xenc\EncryptionPropertyType.cs">
</Event><Event ErrorLevel="0" Project="DotNetCasClient" Source="DotNetCasClient\Validation\Schema\Xenc\ReferenceList.cs" Description="文件已成功备份为 D:\donet\dotnet-cas-client-master\Backup\DotNetCasClient\Validation\Schema\Xenc\ReferenceList.cs">
</Event><Event ErrorLevel="0" Project="DotNetCasClient" Source="DotNetCasClient\Validation\Schema\Xenc\ReferenceType.cs" Description="文件已成功备份为 D:\donet\dotnet-cas-client-master\Backup\DotNetCasClient\Validation\Schema\Xenc\ReferenceType.cs">
</Event><Event ErrorLevel="0" Project="DotNetCasClient" Source="DotNetCasClient\Validation\Schema\Xenc\TransformsType.cs" Description="文件已成功备份为 D:\donet\dotnet-cas-client-master\Backup\DotNetCasClient\Validation\Schema\Xenc\TransformsType.cs">
</Event><Event ErrorLevel="0" Project="DotNetCasClient" Source="DotNetCasClient\Validation\Schema\XmlDsig\CanonicalizationMethodType.cs" Description="文件已成功备份为 D:\donet\dotnet-cas-client-master\Backup\DotNetCasClient\Validation\Schema\XmlDsig\CanonicalizationMethodType.cs">
</Event><Event ErrorLevel="0" Project="DotNetCasClient" Source="DotNetCasClient\Validation\Schema\XmlDsig\DigestMethodType.cs" Description="文件已成功备份为 D:\donet\dotnet-cas-client-master\Backup\DotNetCasClient\Validation\Schema\XmlDsig\DigestMethodType.cs">
</Event><Event ErrorLevel="0" Project="DotNetCasClient" Source="DotNetCasClient\Validation\Schema\XmlDsig\DsaKeyValueType.cs" Description="文件已成功备份为 D:\donet\dotnet-cas-client-master\Backup\DotNetCasClient\Validation\Schema\XmlDsig\DsaKeyValueType.cs">
</Event><Event ErrorLevel="0" Project="DotNetCasClient" Source="DotNetCasClient\Validation\Schema\XmlDsig\KeyInfoType.cs" Description="文件已成功备份为 D:\donet\dotnet-cas-client-master\Backup\DotNetCasClient\Validation\Schema\XmlDsig\KeyInfoType.cs">
</Event><Event ErrorLevel="0" Project="DotNetCasClient" Source="DotNetCasClient\Validation\Schema\XmlDsig\KeyValueType.cs" Description="文件已成功备份为 D:\donet\dotnet-cas-client-master\Backup\DotNetCasClient\Validation\Schema\XmlDsig\KeyValueType.cs">
</Event><Event ErrorLevel="0" Project="DotNetCasClient" Source="DotNetCasClient\Validation\Schema\XmlDsig\ManifestType.cs" Description="文件已成功备份为 D:\donet\dotnet-cas-client-master\Backup\DotNetCasClient\Validation\Schema\XmlDsig\ManifestType.cs">
</Event><Event ErrorLevel="0" Project="DotNetCasClient" Source="DotNetCasClient\Validation\Schema\XmlDsig\ObjectType.cs" Description="文件已成功备份为 D:\donet\dotnet-cas-client-master\Backup\DotNetCasClient\Validation\Schema\XmlDsig\ObjectType.cs">
</Event><Event ErrorLevel="0" Project="DotNetCasClient" Source="DotNetCasClient\Validation\Schema\XmlDsig\PgpDataType.cs" Description="文件已成功备份为 D:\donet\dotnet-cas-client-master\Backup\DotNetCasClient\Validation\Schema\XmlDsig\PgpDataType.cs">
</Event><Event ErrorLevel="0" Project="DotNetCasClient" Source="DotNetCasClient\Validation\Schema\XmlDsig\ReferenceType.cs" Description="文件已成功备份为 D:\donet\dotnet-cas-client-master\Backup\DotNetCasClient\Validation\Schema\XmlDsig\ReferenceType.cs">
</Event><Event ErrorLevel="0" Project="DotNetCasClient" Source="DotNetCasClient\Validation\Schema\XmlDsig\RetrievalMethodType.cs" Description="文件已成功备份为 D:\donet\dotnet-cas-client-master\Backup\DotNetCasClient\Validation\Schema\XmlDsig\RetrievalMethodType.cs">
</Event><Event ErrorLevel="0" Project="DotNetCasClient" Source="DotNetCasClient\Validation\Schema\XmlDsig\RsaKeyValueType.cs" Description="文件已成功备份为 D:\donet\dotnet-cas-client-master\Backup\DotNetCasClient\Validation\Schema\XmlDsig\RsaKeyValueType.cs">
</Event><Event ErrorLevel="0" Project="DotNetCasClient" Source="DotNetCasClient\Validation\Schema\XmlDsig\SignatureMethodType.cs" Description="文件已成功备份为 D:\donet\dotnet-cas-client-master\Backup\DotNetCasClient\Validation\Schema\XmlDsig\SignatureMethodType.cs">
</Event><Event ErrorLevel="0" Project="DotNetCasClient" Source="DotNetCasClient\Validation\Schema\XmlDsig\SignaturePropertiesType.cs" Description="文件已成功备份为 D:\donet\dotnet-cas-client-master\Backup\DotNetCasClient\Validation\Schema\XmlDsig\SignaturePropertiesType.cs">
</Event><Event ErrorLevel="0" Project="DotNetCasClient" Source="DotNetCasClient\Validation\Schema\XmlDsig\SignaturePropertyType.cs" Description="文件已成功备份为 D:\donet\dotnet-cas-client-master\Backup\DotNetCasClient\Validation\Schema\XmlDsig\SignaturePropertyType.cs">
</Event><Event ErrorLevel="0" Project="DotNetCasClient" Source="DotNetCasClient\Validation\Schema\XmlDsig\SignatureType.cs" Description="文件已成功备份为 D:\donet\dotnet-cas-client-master\Backup\DotNetCasClient\Validation\Schema\XmlDsig\SignatureType.cs">
</Event><Event ErrorLevel="0" Project="DotNetCasClient" Source="DotNetCasClient\Validation\Schema\XmlDsig\SignatureValueType.cs" Description="文件已成功备份为 D:\donet\dotnet-cas-client-master\Backup\DotNetCasClient\Validation\Schema\XmlDsig\SignatureValueType.cs">
</Event><Event ErrorLevel="0" Project="DotNetCasClient" Source="DotNetCasClient\Validation\Schema\XmlDsig\SignedInfoType.cs" Description="文件已成功备份为 D:\donet\dotnet-cas-client-master\Backup\DotNetCasClient\Validation\Schema\XmlDsig\SignedInfoType.cs">
</Event><Event ErrorLevel="0" Project="DotNetCasClient" Source="DotNetCasClient\Validation\Schema\XmlDsig\SpkiDataType.cs" Description="文件已成功备份为 D:\donet\dotnet-cas-client-master\Backup\DotNetCasClient\Validation\Schema\XmlDsig\SpkiDataType.cs">
</Event><Event ErrorLevel="0" Project="DotNetCasClient" Source="DotNetCasClient\Validation\Schema\XmlDsig\TransformsType.cs" Description="文件已成功备份为 D:\donet\dotnet-cas-client-master\Backup\DotNetCasClient\Validation\Schema\XmlDsig\TransformsType.cs">
</Event><Event ErrorLevel="0" Project="DotNetCasClient" Source="DotNetCasClient\Validation\Schema\XmlDsig\TransformType.cs" Description="文件已成功备份为 D:\donet\dotnet-cas-client-master\Backup\DotNetCasClient\Validation\Schema\XmlDsig\TransformType.cs">
</Event><Event ErrorLevel="0" Project="DotNetCasClient" Source="DotNetCasClient\Validation\Schema\XmlDsig\X509DataType.cs" Description="文件已成功备份为 D:\donet\dotnet-cas-client-master\Backup\DotNetCasClient\Validation\Schema\XmlDsig\X509DataType.cs">
</Event><Event ErrorLevel="0" Project="DotNetCasClient" Source="DotNetCasClient\Validation\Schema\XmlDsig\X509IssuerSerialType.cs" Description="文件已成功备份为 D:\donet\dotnet-cas-client-master\Backup\DotNetCasClient\Validation\Schema\XmlDsig\X509IssuerSerialType.cs">
</Event><Event ErrorLevel="0" Project="DotNetCasClient" Source="DotNetCasClient\Validation\TicketValidationException.cs" Description="文件已成功备份为 D:\donet\dotnet-cas-client-master\Backup\DotNetCasClient\Validation\TicketValidationException.cs">
</Event><Event ErrorLevel="2" Project="DotNetCasClient" Source="DotNetCasClient\lib\log4net.dll" Description="未能将文件备份为 D:\donet\dotnet-cas-client-master\Backup\DotNetCasClient\lib\log4net.dll">
</Event><Event ErrorLevel="0" Project="DotNetCasClient" Source="DotNetCasClient\LICENSE.txt" Description="文件已成功备份为 D:\donet\dotnet-cas-client-master\Backup\DotNetCasClient\LICENSE.txt">
</Event><Event ErrorLevel="0" Project="DotNetCasClient" Source="DotNetCasClient\NOTICE.txt" Description="文件已成功备份为 D:\donet\dotnet-cas-client-master\Backup\DotNetCasClient\NOTICE.txt">
</Event><Event ErrorLevel="0" Project="DotNetCasClient" Source="DotNetCasClient\DotNetCasClient.csproj" Description="项目文件不需要转换。">
</Event><Event ErrorLevel="3" Project="DotNetCasClient" Source="DotNetCasClient\DotNetCasClient.csproj" Description="无需转换">
</Event><Event ErrorLevel="0" Project="DotNetCasProxyDemoApp" Source="DotNetCasProxyDemoApp\DotNetCasProxyDemoApp.csproj" Description="项目文件已成功备份为 D:\donet\dotnet-cas-client-master\Backup\DotNetCasProxyDemoApp\DotNetCasProxyDemoApp.csproj">
</Event><Event ErrorLevel="0" Project="DotNetCasProxyDemoApp" Source="DotNetCasProxyDemoApp\Cas20\AuthenticationFailure.cs" Description="文件已成功备份为 D:\donet\dotnet-cas-client-master\Backup\DotNetCasProxyDemoApp\Cas20\AuthenticationFailure.cs">
</Event><Event ErrorLevel="0" Project="DotNetCasProxyDemoApp" Source="DotNetCasProxyDemoApp\Cas20\AuthenticationSuccess.cs" Description="文件已成功备份为 D:\donet\dotnet-cas-client-master\Backup\DotNetCasProxyDemoApp\Cas20\AuthenticationSuccess.cs">
</Event><Event ErrorLevel="0" Project="DotNetCasProxyDemoApp" Source="DotNetCasProxyDemoApp\Cas20\ProxyFailure.cs" Description="文件已成功备份为 D:\donet\dotnet-cas-client-master\Backup\DotNetCasProxyDemoApp\Cas20\ProxyFailure.cs">
</Event><Event ErrorLevel="0" Project="DotNetCasProxyDemoApp" Source="DotNetCasProxyDemoApp\Cas20\ProxySuccess.cs" Description="文件已成功备份为 D:\donet\dotnet-cas-client-master\Backup\DotNetCasProxyDemoApp\Cas20\ProxySuccess.cs">
</Event><Event ErrorLevel="0" Project="DotNetCasProxyDemoApp" Source="DotNetCasProxyDemoApp\Cas20\ServiceResponse.cs" Description="文件已成功备份为 D:\donet\dotnet-cas-client-master\Backup\DotNetCasProxyDemoApp\Cas20\ServiceResponse.cs">
</Event><Event ErrorLevel="0" Project="DotNetCasProxyDemoApp" Source="DotNetCasProxyDemoApp\DotNetCasProxyDemoForm.cs" Description="文件已成功备份为 D:\donet\dotnet-cas-client-master\Backup\DotNetCasProxyDemoApp\DotNetCasProxyDemoForm.cs">
</Event><Event ErrorLevel="0" Project="DotNetCasProxyDemoApp" Source="DotNetCasProxyDemoApp\DotNetCasProxyDemoForm.Designer.cs" Description="文件已成功备份为 D:\donet\dotnet-cas-client-master\Backup\DotNetCasProxyDemoApp\DotNetCasProxyDemoForm.Designer.cs">
</Event><Event ErrorLevel="0" Project="DotNetCasProxyDemoApp" Source="DotNetCasProxyDemoApp\Program.cs" Description="文件已成功备份为 D:\donet\dotnet-cas-client-master\Backup\DotNetCasProxyDemoApp\Program.cs">
</Event><Event ErrorLevel="0" Project="DotNetCasProxyDemoApp" Source="DotNetCasProxyDemoApp\Properties\AssemblyInfo.cs" Description="文件已成功备份为 D:\donet\dotnet-cas-client-master\Backup\DotNetCasProxyDemoApp\Properties\AssemblyInfo.cs">
</Event><Event ErrorLevel="0" Project="DotNetCasProxyDemoApp" Source="DotNetCasProxyDemoApp\Properties\Resources.Designer.cs" Description="文件已成功备份为 D:\donet\dotnet-cas-client-master\Backup\DotNetCasProxyDemoApp\Properties\Resources.Designer.cs">
</Event><Event ErrorLevel="0" Project="DotNetCasProxyDemoApp" Source="DotNetCasProxyDemoApp\Properties\Settings.Designer.cs" Description="文件已成功备份为 D:\donet\dotnet-cas-client-master\Backup\DotNetCasProxyDemoApp\Properties\Settings.Designer.cs">
</Event><Event ErrorLevel="0" Project="DotNetCasProxyDemoApp" Source="DotNetCasProxyDemoApp\app.config" Description="文件已成功备份为 D:\donet\dotnet-cas-client-master\Backup\DotNetCasProxyDemoApp\app.config">
</Event><Event ErrorLevel="0" Project="DotNetCasProxyDemoApp" Source="DotNetCasProxyDemoApp\DotNetCasProxyDemoApp_TemporaryKey.pfx" Description="文件已成功备份为 D:\donet\dotnet-cas-client-master\Backup\DotNetCasProxyDemoApp\DotNetCasProxyDemoApp_TemporaryKey.pfx">
</Event><Event ErrorLevel="0" Project="DotNetCasProxyDemoApp" Source="DotNetCasProxyDemoApp\Properties\app.manifest" Description="文件已成功备份为 D:\donet\dotnet-cas-client-master\Backup\DotNetCasProxyDemoApp\Properties\app.manifest">
</Event><Event ErrorLevel="0" Project="DotNetCasProxyDemoApp" Source="DotNetCasProxyDemoApp\Properties\Settings.settings" Description="文件已成功备份为 D:\donet\dotnet-cas-client-master\Backup\DotNetCasProxyDemoApp\Properties\Settings.settings">
</Event><Event ErrorLevel="0" Project="DotNetCasProxyDemoApp" Source="DotNetCasProxyDemoApp\DotNetCasProxyDemoForm.resx" Description="文件已成功备份为 D:\donet\dotnet-cas-client-master\Backup\DotNetCasProxyDemoApp\DotNetCasProxyDemoForm.resx">
</Event><Event ErrorLevel="0" Project="DotNetCasProxyDemoApp" Source="DotNetCasProxyDemoApp\Properties\Resources.resx" Description="文件已成功备份为 D:\donet\dotnet-cas-client-master\Backup\DotNetCasProxyDemoApp\Properties\Resources.resx">
</Event><Event ErrorLevel="0" Project="DotNetCasProxyDemoApp" Source="DotNetCasProxyDemoApp\DotNetCasProxyDemoApp.csproj" Description="项目文件不需要转换。">
</Event><Event ErrorLevel="3" Project="DotNetCasProxyDemoApp" Source="DotNetCasProxyDemoApp\DotNetCasProxyDemoApp.csproj" Description="无需转换">
</Event><Event ErrorLevel="0" Project="" Source="DotNetCasClient.sln" Description="成功转换解决方案">
</Event><Event ErrorLevel="3" Project="" Source="DotNetCasClient.sln" Description="Converted">
</Event></UpgradeLog>